<?xml version="1.0" encoding="UTF-8"?>
<?xml-model href="petrarchive.rnc"?>
<?xml-stylesheet type="text/xsl" href="petrarchive.xsl"?>
<!DOCTYPE TEI [
<!ENTITY amp7 "<choice><abbr>&amp;</abbr><expan>et</expan></choice>">
<!ENTITY Amp7 "<choice><abbr>&amp;></abbr><expan>Et</expan></choice>">
<!ENTITY per "<choice><abbr>ꝑ</abbr><expan>per</expan></choice>">
<!ENTITY Per "<choice><abbr>ꝑ</abbr><expan>Per</expan></choice>">
<!ENTITY virg "/">
<!ENTITY sempre "<choice><abbr>sēpre</abbr><expan>sempre</expan></choice>">
<!ENTITY Sempre "<choice><abbr>sēpre</abbr><expan>Sempre</expan></choice>">
<!ENTITY quanto "<choice><abbr>quāto</abbr><expan>quanto</expan></choice>">
<!ENTITY Quanto "<choice><abbr>quāto</abbr><expan>Quanto</expan></choice>">
<!ENTITY quando "<choice><abbr>quādo</abbr><expan>quando</expan></choice>">
<!ENTITY Quando "<choice><abbr>quādo</abbr><expan>Quando</expan></choice>">
<!ENTITY giorno "<choice><abbr>giõno</abbr><expan>giorno</expan></choice>">
<!ENTITY non "<choice><abbr>nō</abbr><expan>non</expan></choice>">
<!ENTITY Non "<choice><abbr>nō</abbr><expan>Non</expan></choice>">
<!ENTITY in "<choice><abbr>ī</abbr><expan>in</expan></choice>">
<!ENTITY pre "<choice><abbr>&p-macron;</abbr><expan>pre</expan></choice">
<!ENTITY con "<choice><abbr>cō</abbr><expan>con</expan></choice>">
<!ENTITY Con "<choice><abbr>cō</abbr><expan>Con</expan></choice>">
<!ENTITY son "<choice><abbr>sō</abbr><expan>son</expan></choice>">
<!ENTITY Son "<choice><abbr>sō</abbr><expan>Son</expan></choice>">
<!ENTITY q-tilde "q&#x0303;">
<!ENTITY q-macron "q&#x0304;">
<!ENTITY p-macron "p&#x0304;">
<!ENTITY b-combtild "b&#xFE23;">
<!ENTITY p-dot "p&#x0307;">
<!ENTITY u-vert-tilde "u&#x033E;">
<!ENTITY p-vert-line "p&#x030D;">
<!ENTITY uia "<choice><orig>uia</orig><reg>via</reg></choice>">
<!ENTITY uai "<choice><orig>uai</orig><reg>vai</reg></choice>">

<!-- period "p" to "2" comma "c" -->
<!ENTITY p2c "<choice><orig>.</orig><reg>,</reg></choice>">
<!ENTITY p2colon "<choice><orig>.</orig><reg>:</reg></choice>">
<!ENTITY p2e "<choice><orig>.</orig><reg>!</reg></choice>">
<!ENTITY c2p "<choice><orig>,</orig><reg>.</reg></choice>">
<!ENTITY v2c "<choice><orig> /</orig><reg>,</reg></choice>">
<!ENTITY regapos "<reg>’</reg>">
<!ENTITY uolta "<choice><orig>uolta</orig><reg>volta</reg></choice>">
<!ENTITY uolte "<choice><orig>uolte</orig><reg>volte</reg></choice>">
<!ENTITY egrave_reg "<choice><orig>e</orig><reg>è</reg></choice>">
<!ENTITY si "<choice><orig>si</orig><reg>sì</reg></choice>">
<!ENTITY Si "<choice><orig>Si</orig><reg>Sì</reg></choice>">
<!ENTITY pilcrow2section "<choice><orig>¶</orig><reg>§</reg></choice>">
<!ENTITY encodingDesc SYSTEM "encodingDesc.xml"> 
]>
<TEI xmlns="http://www.tei-c.org/ns/1.0">
    <teiHeader>
        <fileDesc>
            <titleStmt>
                <title>Petrarch's <title rendition="#i">Rerum vulgarium
                        fragmenta</title>: Charta 15
                    recto</title>
                <editor xml:id="hws">H. Wayne
                    Storey</editor>
                <respStmt>
                    <resp><!-- role/title --></resp>
                    <name xml:id="jaw">John A. Walsh</name>
                </respStmt>
                <respStmt>
                    <resp><!-- role/title --></resp>
                    <name xml:id="amm">Allison M.
                        McCormack</name>
                </respStmt>
                <respStmt>
                    <resp><!-- role/title --></resp>
                    <name xml:id="im">Isabella Magni</name>
                </respStmt>
            </titleStmt>
            <publicationStmt
                xml:base="includes/publicationStmt.xml">
                <p/>
            </publicationStmt>
            <sourceDesc>
                <p/>
            </sourceDesc>
        </fileDesc>
        <!-- &encodingDesc; -->
        <encodingDesc xmlns="http://www.tei-c.org/ns/1.0">
    <p>Where <gi>reg</gi> appears without a parent <gi>choice</gi>, the <gi>reg</gi> indicates supplied text that has been supplied for normalization or modernization purposes. <gi>supplied</gi> was not used because <gi>supplied</gi> is properly for text supplied for text missing due to damage, for instance.</p>
    <p n="ms lines">In Petrarch's personal copy of the RVF, he consistently uses a ruled 31-line “canvas” for the layout of the poems. There is one exception, Rvf XXX, where an extra line is added to the underlying canvas. Elements that occupy a ruled manuscript line are tagged with the attribute <code>@corresp="#msline"</code>, where <code>#msline</code> references a category in a taxonomy of "graphic features" in the <gi>teiHeader</gi></p>
    <classDecl>
        <taxonomy n="graphic features">
            <category xml:id="msline"><catDesc>A single ruled line in a manuscript</catDesc></category>
        </taxonomy>
    </classDecl>
    <charDecl>
        <char xml:id="punctelevhiback">
            <charName>PUNCTUS ELEVATUS WITH HIGH
                BACK</charName>
            <charProp>
                <localName>entity</localName>
                <value>punctelevhiback</value>
            </charProp>
            <mapping type="visual"
                >.&#x0312;</mapping>
            <mapping type="MUFI">U+F1FA</mapping>
            <mapping type="PUA">U+F1FA</mapping>
        </char>
    </charDecl>
    <charDecl>
        <char xml:id="virgsusp">
            <charName>VIRGULA SUSPENSIVA</charName>
            <charProp>
                <localName>entity</localName>
                <value>virgsusp</value>
            </charProp>
            <mapping type="visual"/>
            <mapping type="MUFI">U+F1F4</mapping>
            <mapping type="PUA">U+F1F4</mapping>
        </char>
    </charDecl>
    <charDecl>
        <char xml:id="punctinter">
            <charName>PUNCTUS
                INTERROGATIVUS</charName>
            <charProp>
                <localName>entity</localName>
                <value>punctinter</value>
            </charProp>
            <mapping type="visual">?</mapping>
            <mapping type="MUFI">U+F160</mapping>
            <mapping type="PUA">U+F160</mapping>
        </char>
    </charDecl>
    <charDecl>
        <char xml:id="brvbar">
            <charName>BROKEN BAR</charName>
            <charProp>
                <localName>entity</localName>
                <value>brvbar</value>
            </charProp>
            <mapping type="visual">&#166;</mapping>
            <mapping type="MUFI">U+00A6</mapping>
            <mapping type="PUA">U+00A6</mapping>
        </char>
        
        <char xml:id="pflour">
            <charName>LATIN SMALL LETTER P WITH
                FLOURISH</charName>
            <charProp>
                <localName>entity</localName>
                <value>pflour</value>
            </charProp>
            <mapping type="visual"
                >&#xa753;</mapping>
            <mapping type="MUFI">U+A753</mapping>
            <mapping type="PUA">U+A753</mapping>
        </char>
        
    </charDecl>
    <tagsDecl>
        <!-- Basic text formatting: bold, italic, underline, "normal," etc. -->
        <rendition xml:id="b" n="tiebp:bold" scheme="css">
            font-weight:bold;
        </rendition> 
        
        <rendition xml:id="i" n="tiebp:italic" scheme="css">
            font-style:italic;
        </rendition> 
        
        <rendition xml:id="u" n="tiebp:underline" scheme="css">
            text-decoration:underline;
        </rendition> 
        
        <rendition xml:id="n" n="teibp:normal" scheme="css">
            font-weight:normal;
            text-decoration:none;
            font-style:normal;
        </rendition>
        
        <rendition xml:id="mono" n="teibp:mono" scheme="css">
            font-family:Monaco,Courier,monospace;
        </rendition>
        
        <rendition xml:id="super" n="tiebp:super" scheme="css">
            vertical-align:super;
            font-size:80%;
        </rendition>
        
        <rendition xml:id="sub" n="tiebp:sub" scheme="css">
            vertical-align:sub;
            font-size:80%;
        </rendition>
        
        <rendition xml:id="lowercase" n="tiebp:lowercase" scheme="css">
            text-transform:lowercase;
        </rendition>
        
        <rendition xml:id="uppercase" n="tiebp:uppercase" scheme="css">
            text-transform:uppercase;
        </rendition>
        
        <rendition xml:id="capitalize" n="tiebp:capitalize" scheme="css">
            text-transform:capitalize;
        </rendition>
        
        <rendition xml:id="small-caps" n="tiebp:small-caps" scheme="css">
            font-variant:small-caps;
        </rendition>
        
        <!-- Blocks. -->
        <rendition xml:id="block" n="tiebp:block" scheme="css">
            display:block;
        </rendition> 
        
        <rendition xml:id="blockquote" n="tiebp:blockquote" scheme="css">
            display:block;
            font-size:90%;
            margin-left:3em;
            padding-left:1em;
            border-left: 1px solid gray;
            margin-top:.75em;
            margin-bottom:.75em;
            padding-top:.75em;
            padding-bottom:.75em;
        </rendition>
        
        <rendition corresp="#blockquote" n="tiebp:blockquote" scheme="css" scope="before">
            <!-- This turns off the default generated quotes for block quotes. -->
            content:"" !important;
        </rendition>
        
        <rendition corresp="#blockquote" n="tiebp:blockquote" scheme="css" scope="after">
            <!-- This turns off the default generated quotes for block quotes. -->
            content:"" !important;
        </rendition>
        
        <rendition xml:id="codeblock" n="teibp:codeblock" scheme="css">
            display: block;
            font-size: 80%;
            margin-left: 1em;
            padding-left: 1em;
            border-left: 1px solid gray;
            margin-top: .75em;
            margin-bottom: .75em;
            padding-top: .75em;
            padding-bottom: .75em;
            font-family:Monaco,Courier,monospace;
            white-space:pre;
        </rendition>
        
        <!-- Inline -->
        
        <rendition xml:id="inline" n="teibp:inline" scheme="css">
            display:inline;
        </rendition>
        
        <!-- Alignment. -->
        <rendition xml:id="center" n="tiebp:center" scheme="css">
            display:block;
            text-align:center;
            margin-left:auto;
            margin-right:auto;
        </rendition>
        
        <rendition xml:id="left" n="teibp:left" scheme="css">
            text-align:left;
        </rendition>
        
        <rendition xml:id="right" n="teibp:right" scheme="css">
            text-align:right;
        </rendition>
        
        <rendition xml:id="justify" n="teibp:justify" scheme="css">
            text-align:justify;
        </rendition>
        
        <rendition xml:id="center-block" n="tiebp:center-block" scheme="css">
            display:block;
            margin-left:auto;
            margin-right:auto;
        </rendition>
        
        <!-- Indentation -->
        <rendition xml:id="hang" n="teibp:hang" scheme="css">
            display:block;
            padding-left:2.5em;
            text-indent:-2.5em;
        </rendition>
        
        <!-- Indentation for verse lines. Results in a “hanging” indent if
the line wraps. -->
        <rendition xml:id="l-indent-01" n="tiebp:l-indent-01" scheme="css">
            display:block;
            padding-left:4em;
            text-indent:-2em;
        </rendition>
        
        <rendition xml:id="l-indent-02" n="tiebp:l-indent-02" scheme="css">
            display:block;
            padding-left:6em;
            text-indent:-2em;
        </rendition>
        
        <rendition xml:id="l-indent-03" n="tiebp:l-indent-03" scheme="css">
            display:block;
            padding-left:8em;
            text-indent:-2em;
        </rendition>
        
        <rendition xml:id="l-indent-04" n="tiebp:l-indent-04" scheme="css">
            display:block;
            padding-left:10em;
            text-indent:-2em;
        </rendition>
        
        <rendition xml:id="l-indent-05" n="tiebp:l-indent-05" scheme="css">
            display:block;
            padding-left:12em;
            text-indent:-2em;
        </rendition>
        
        <rendition xml:id="l-indent-06" n="tiebp:l-indent-06" scheme="css">
            display:block;
            padding-left:14em;
            text-indent:-2em;
        </rendition>
        
        <rendition xml:id="l-indent-07" n="tiebp:l-indent-07" scheme="css">
            display:block;
            padding-left:16em;
            text-indent:-2em;
        </rendition>
        
        <rendition xml:id="l-indent-08" n="tiebp:l-indent-08" scheme="css">
            display:block;
            padding-left:18em;
            text-indent:-2em;
        </rendition>
        
        <rendition xml:id="indent" n="tiebp:indent" scheme="css" scope="before">
            /* text-indent:4em; */
            /* The above method of describing an indentation for, say, a paragraph is 
            preferred. The method being used is in response to a bug in some browsers 
            whereby a block element, like a paragraph, is erroneously re-indented 
            after interruption by another block element (like a list, which is valid,
            in TEI, inside a paragraph). */
            content:"\A0\A0\A0\A0\A0\A0";
        </rendition>
        
        <!-- font sizes -->
        
        <rendition xml:id="small" n="tiebp:small" scheme="css">
            font-size:90%;
        </rendition>
        
        <rendition xml:id="x-small" n="tiebp:x-small" scheme="css">
            font-size:85%;
        </rendition>
        
        <rendition xml:id="xx-small" n="tiebp:xx-small" scheme="css">
            font-size:80%;
        </rendition>
        
        <rendition xml:id="large" n="tiebp:large" scheme="css">
            font-size:110%;
        </rendition>
        
        <rendition xml:id="x-large" n="tiebp:x-large" scheme="css">
            font-size:115%;
        </rendition>
        
        <rendition xml:id="xxx-large" n="tiebp:xxx-large" scheme="css">
            font-size:120%;
        </rendition>
        
        <rendition xml:id="bracket" n="teibp:bracket" scheme="css"/>
        
        <rendition corresp="#bracket" n="tiebp:bracket" scheme="css" scope="before">
            content:"&lt;";
        </rendition>
        
        <rendition corresp="#bracket" n="tiebp:bracket" scheme="css" scope="after">
            content:">";
        </rendition>
        
        <!-- petrarchive -->
        <rendition xml:id="red" scheme="css"
            >color:#9f1706;</rendition>
        <rendition xml:id="blue" scheme="css"
            >color:#12398c;</rendition>
        <rendition xml:id="fs18pt" scheme="css"
            >font-size:18pt;</rendition>
        <rendition xml:id="fs24pt" scheme="css"
            >font-size:24pt;</rendition>
    </tagsDecl>
</encodingDesc>

    </teiHeader>
    <text>
        <!-- jawalsh:
            
            for encoding guidlines:
            
            * basic orig/reg
            * reg w/o choice for supplied punctuation
            * del[@type = 'editorial' and @resp = '#hws'] for editorial deletions
            
            -->
        <body>
            <pb xml:id="c015r" n="charta 15 recto"
                facs="https://info.slis.indiana.edu/~jawalsh/petrarchive/images/vat-lat3195-f/vat-lat3195-f-015r.jpg"/>
            <lg type="sonnet" n="68">
                <!-- How to encode different hand/darkened text in line 11? Currently I have it as a "correction" -->
                <lg type="dblhemi" corresp="#msline">
                    <l n="1"><hi rendition="#red #fs24pt">L</hi><reg>’</reg><hi rendition="#small-caps">a</hi>spetto sacro de la terra <choice><orig>uostra</orig><reg>vostra</reg></choice></l>
                    <l n="2">Mi fa del mal passato tragger guai<choice><orig>.</orig><reg>,</reg></choice></l>
                </lg>
                <lg type="dblhemi" corresp="#msline">
                    <l n="3">Gridando<choice><orig> /</orig><reg>:</reg></choice> <choice><orig>sta</orig><reg>Sta</reg></choice><reg>’</reg> su misero<choice><orig>.</orig><reg>,</reg></choice> che fai<choice><!-- Is this choice necessary, since we are already displaying a modern question mark (?)?--><orig><g ref="#punctinter"/></orig><reg>?</reg></choice></l>
                    <l n="4">Et la &uia; de salir al ciel mi
                        mostra.</l>
                </lg>
                <lg type="dblhemi" corresp="#msline">
                    <l n="5">Ma con questo pensier un altro
                        giostra<choice><orig>.</orig><reg>,</reg></choice></l>
                    <l n="6">Et dice a me<reg>:</reg> <choice><orig>perche</orig><reg>Perché</reg></choice> fuggendo
                        &uai;<choice><orig><g ref="#punctinter"/></orig><reg>?</reg></choice></l>
                </lg>
                <lg type="dblhemi" corresp="#msline">
                    <l n="7">Se ti rimembra<choice><orig> /</orig><reg>,</reg></choice> il <choice>
                            <abbr>tēpo</abbr>
                            <expan>tempo</expan>
                        </choice> passa omai</l>
                    <l n="8">Di tornar a <choice><orig>ueder</orig><reg>veder</reg></choice> la donna nostra.</l>
                </lg>
                <lg type="dblhemi" corresp="#msline">
                    <l n="9">I&regapos; che&regapos;l suo ragionar intendo allora</l>
                    <l n="10">M<reg>’</reg>agghiaccio dentro<choice><orig> /</orig><reg/></choice> &in; guisa d<reg>’</reg>uom ch&regapos;ascolta</l>
                </lg>
                <lg type="dblhemi" corresp="#msline">
                    <l n="11"><choice><orig>Nouella</orig><reg>Novella</reg></choice> che di subito l&regapos;accora.</l>
                    <l n="12">Poi torna il primo&p2c; &amp7; questo <choice><orig>da</orig><reg>dà</reg></choice> la &uolta;.</l>
                </lg>
                <lg type="dblhemi" corresp="#msline">
                    <l n="13">Qual <choice><orig>uincera</orig><reg>vincerà</reg></choice><reg>,</reg> non so<choice><orig>.</orig><reg>;</reg></choice> ma<reg> ’</reg>nfino <choice><orig>a<corr>dor</corr>a</orig><reg>ad ora</reg></choice></l>
                    <l n="14">Combattuto <choice><orig>anno</orig><reg>ànno</reg></choice>&p2c; et &non; pur
                        una &uolta;.</l>
                </lg>
            </lg>
            <space corresp="#msline"/>
            <lg type="sonnet" n="69">
                <lg type="dblhemi" corresp="#msline">
                    <l n="1"><hi rendition="#blue #fs24pt">B</hi><hi rendition="#small-caps">e</hi>n
                        <choice><orig>sapeua</orig><reg>sapeva</reg></choice> io che natural consiglio<reg>,</reg></l>
                    <l n="2">Amor<reg>,</reg> contra di te giamai non
                        <choice><orig>ualse</orig><reg>valse</reg></choice>&p2c;</l>
                </lg>
                <lg type="dblhemi" corresp="#msline">
                    <l n="3">Tanti lacciuol<reg>’</reg><choice><orig> /</orig><reg>,</reg></choice> tante <choice>
                            <abbr>im<g ref="#pflour"/>messe</abbr>
                            <expan>impromesse</expan>
                        </choice> false&p2c;</l>
                    <l n="4">Tanto <choice><orig>prouato</orig><reg>provato</reg></choice> <choice><orig>aueal</orig><reg>avea ’l</reg></choice> tuo fiero
                        artiglio.</l>
                </lg>
                <lg type="dblhemi" corresp="#msline">
                    <l n="5">Ma <choice><orig>nouamente</orig><reg>novamente</reg></choice><choice><orig> /</orig><reg>,</reg></choice> <choice><orig>ondio</orig><reg>ond’io</reg></choice> mi
                        <choice><orig>merau<subst><del type="erasure"><gap reason="illegible"/></del><add>ig</add></subst>lio</orig><reg>meraviglio</reg></choice><choice><orig> /</orig><reg>,</reg></choice></l>
                    <l n="6"><choice><orig>Dirol</orig><reg>Diròl</reg></choice><choice><orig> /</orig><reg>,</reg></choice> come persona a cui ne
                        calse&p2c;</l>
                </lg>
                <lg type="dblhemi" corresp="#msline">
                    <l n="7">Et <choice><orig>chel</orig><reg>che ’l </reg></choice> notai <choice><orig>la</orig><reg>là</reg></choice> sopra <!-- petrarch's deletion indicated by underdot --><del>ạ</del> <choice><orig>lacque</orig><reg>l’acque</reg></choice> salse&p2c;</l>
                    <l n="8">Tra la <choice><orig>riua</orig><reg>riva</reg></choice> toscana<del type="editorial" resp="#hws"> /</del> et <choice><orig>lelba</orig><reg>l’Elba</reg></choice><del type="editorial" resp="#hws"> /</del> et <choice><orig>giglio</orig><reg>Giglio</reg></choice>&p2c;</l>
                </lg>
                <lg type="dblhemi" corresp="#msline">
                    <l n="9">I&regapos; fuggia le tue mani&p2c; et per
                        camino</l>
                    <l n="10"><choice><orig>Agitandomi</orig><reg>Agitandom’ i</reg></choice> <choice><orig>uenti</orig><reg>venti</reg></choice><del type="editorial" resp="#hws"> /</del> <choice><orig>el</orig><reg>e ’l</reg></choice> ciel et
                        l&regapos;onde&p2c;</l>
                </lg>
                <lg type="dblhemi" corresp="#msline">
                    <l n="11"><choice><orig>Mandaua</orig><reg>M’andava</reg></choice> sconosciuto<del type="editorial" resp="#hws"> /</del> <choice><orig>&amp7;</orig><reg>et</reg></choice>
                        pellegrino.</l>
                    <l n="12">&Quando; ecco <corr>i</corr><!-- jawalsh: should be underlined in dipl but not in edition.-->
                        tuoi ministri<choice><orig> /<!-- preceding virgule should be virgule with an under-dot.--></orig><reg>,</reg></choice> <choice><orig><choice>
                            <abbr>inō</abbr>
                            <expan>inon</expan></choice></orig><reg>i’ non</reg></choice> so donde<reg>,</reg></l>
                </lg>
                <lg type="dblhemi" corresp="#msline">
                    <l n="13">Per darmi a <choice><orig>diueder</orig><reg>diveder</reg></choice> ch&regapos;al suo destino</l>
                    <l n="14">Mal chi contrasta&p2c; et mal chi si nasconde.</l>
                </lg>
            </lg>
            <space corresp="#msline"/>
            <lg type="canzone" n="70">
                <lg type="dblhemi" corresp="#msline">
                    <l n="1"><hi rendition="#red #fs24pt">L</hi><hi rendition="#small-caps">a</hi>sso me&p2e; <choice><orig>chi</orig><reg>ch’i’</reg></choice> &non; so &in; qual parte pieghi</l>
                    <l n="2">L<subst><del><gap reason="erasure"/></del><add>a s</add></subst>peme&v2c; <choice><orig>che</orig><reg>ch’è</reg></choice> tradita omai <choice><orig>piu</orig><reg>piú</reg></choice> &uolte;<reg>:</reg></l>
                </lg>
                <lg type="dblhemi" corresp="#msline">
                    <l n="3">Che se non <choice><orig>e</orig><reg>è</reg></choice> chi &con; <choice><orig>pieta</orig><reg>pietà</reg></choice>
                        <choice><orig>mascolte</orig><reg>m’ascolte</reg></choice>&p2c;</l>
                    <l n="4"><choice><orig>Perche</orig><reg>Perché</reg></choice> sparger al ciel <choice><orig>si</orig><reg>sì</reg></choice> spessi preghi<g ref="#punctinter" /><!-- jawalsh: orig/reg with #punctinter? yes.--></l>
                </lg>
                <lg type="trplhemi" corresp="#msline">
                    <l n="5">Ma <choice><orig>segli</orig><reg>s’egli</reg></choice> <choice><orig>auen</orig><reg>aven</reg></choice> <choice><orig>chanchor</orig><reg>ch’anchor</reg></choice> &non; mi si nieghi</l>
                    <l n="6">Finir <choice><orig>ançil</orig><reg>anzi ’l</reg></choice> mio fine<del type="editorial" resp="#hws"> /</del></l>
                    <l n="7">Queste <choice><orig>uoci</orig><reg>voci</reg></choice> meschine&p2c;</l>
                </lg>
                <lg type="dblhemi" corresp="#msline">
                    <l n="8">Non <choice><orig>graui</orig><reg>gravi</reg></choice> al mio signor <choice><orig><choice><abbr>ꝑchio</abbr><expan>perchio</expan></choice></orig><reg>perch’io</reg></choice> il ripreghi</l>
                    <l n="9">Di dir libero un <choice><orig>di</orig><reg>dì</reg></choice> tra <choice><orig>lerba</orig><reg>l’erba</reg></choice> e i fiori&p2colon;</l>
                </lg>
                <lg type="single" corresp="#msline">
                    <l n="10"><choice><orig>Dreç</orig><reg>Drez</reg></choice> &amp7; rayson es <choice><orig>quieu</orig><reg>qu’ ieu</reg></choice> ciant&v2c; e<reg>·</reg> <subst><del><gap reason="erasure"/></del><add>m</add></subst> demori.<!-- jawalsh: what's going on with period/dot in Word document after initial "e" in "e m demori"--></l>
                </lg>
                <lg type="dblhemi" corresp="#msline">
                    <!-- jawalsh: Are we replacing pilcrows with section symbols (§)? Yes! -->                    <l n="11"><hi rendition="#blue"
                        >&pilcrow2section;</hi><choice><orig>Raigon</orig><reg>Ragion</reg></choice> &egrave_reg; ben <choice><orig>chalcuna</orig><reg>ch’alcuna</reg></choice> &uolta;
                        io canti<reg>,</reg></l>
                    <l n="12"><choice><orig>Pero</orig><reg>Però</reg></choice> <choice><orig>cho</orig><reg>ch’ò</reg></choice> sospirato &si; gran tempo</l>
                </lg>
                <lg type="dblhemi" corresp="#msline">
                    <l n="13">Che mai non <choice><abbr>īcomincio</abbr><expan>incomincio</expan></choice> assai &per; tempo<reg>,</reg></l>
                    <l n="14">Per adequar col riso i dolor&regapos;
                        tanti<reg>.</reg></l>
                </lg>
                <lg type="trplhemi" corresp="#msline">
                    <l n="15">Et <choice><orig>sio</orig><reg>s’io</reg></choice> potesse far <choice><orig>chagliocchi</orig><reg>ch’agli occhi</reg></choice> san<subst><del><gap reason="erasure"/></del><add>ti</add></subst></l>
                    <l n="16">Porgesse alcun dilecto</l>
                    <l n="17"><choice><orig>Qual che</orig><reg>Qualche</reg></choice> dolce mio detto&p2c;</l>
                </lg>
                <lg type="dblhemi" corresp="#msline">
                    <l n="18">O me beato sopra <choice><orig>glialtri</orig><reg>gli altri</reg></choice>
                        amanti&p2e;</l>
                    <l n="19">Ma <choice><orig>piu</orig><reg>più</reg></choice>&v2c; <choice><orig>quandio</orig><reg>quand’io</reg></choice> <choice><orig>diro</orig><reg>dirò</reg></choice> <choice><orig>sença</orig><reg>senza</reg></choice> mentire<reg>:</reg></l>
                </lg>
                <lg type="single" corresp="#msline">
                    <l n="20">Donna mi priegha <choice><orig>perchio</orig><reg>per ch’io</reg></choice> <choice><orig>uoglio</orig><reg>voglio</reg></choice> dire.</l>
                </lg>
                <lg type="dblhemi" corresp="#msline">
                    <l n="21"><hi rendition="#red"
                        >&pilcrow2section;</hi>Vaghi pensier&regapos; che <choice><orig>cosi</orig><reg>così</reg></choice> passo passo</l>
                    <l n="22">Scorto <choice><orig>mauete</orig><reg>m’avete</reg></choice> a ragionar
                        <choice><orig>tantalto</orig><reg>tant’alto</reg></choice>&p2c;</l>
                </lg>
                <lg type="dblhemi" corresp="#msline">
                    <l n="23">Vedete che <choice>
                            <abbr>madōna</abbr>
                            <expan>madonna</expan>
                        </choice> <choice><orig>al</orig><reg>à ’l</reg></choice> cor di smalto&p2c;</l>
                    <l n="24">&Si; forte&v2c; <choice><orig>chio</orig><reg>ch’io</reg></choice> per me dentro
                        nol passo.</l>
                </lg>
                <lg type="trplhemi" corresp="#msline">
                    <l n="25">Ella non degna di mirar &si; basso&p2c;</l>
                    <l n="26">Che di nostre parole</l>
                    <l n="27">Curi&v2c; <choice><orig>chel</orig><reg>ché ’l</reg></choice> ciel
                        no<subst><del><gap reason="erasure"/></del><add>n</add></subst> <choice><orig>uole</orig><reg>vole</reg></choice></l>
                </lg>
                <lg type="dblhemi" corresp="#msline">
                    <l n="28">Al qual pur contrastando i&regapos; son
                        <choice><orig>gia</orig><reg>già</reg></choice> lasso&p2c;</l>
                    <l n="29">Onde come nel cor <choice><orig>minduro</orig><reg>m’induro</reg></choice>
                        <choice><orig>enaspro</orig><reg>e ’naspro</reg></choice><reg>:</reg></l>
                </lg>
                <lg type="single" corresp="#msline">
                    <l n="30"><choice><orig>Cosi</orig><reg>Così</reg></choice> nel mio parlar <choice><orig>uoglio</orig><reg>voglio</reg></choice> esser aspro.</l>
                </lg>
            </lg>
        </body>
    </text>
</TEI>
